id,date,source,text
1,2025-01-15,Twitter,"I'm very impressed with the new education policy announced by the candidate. Finally someone thinking about our children's future!"
2,2025-01-15,Facebook,"This healthcare plan is absolutely terrible. It will bankrupt our country and provide worse care."
3,2025-01-16,News Comment,"The economic stimulus package seems reasonable but I'm not convinced it will help rural communities."
4,2025-01-16,Twitter,"Can't believe people are supporting this candidate after the scandal last month. Disgraceful!"
5,2025-01-17,Forum,"The infrastructure bill is exactly what our city needs. I'm looking forward to seeing improved public transportation."
6,2025-01-17,Instagram,"Not sure about the foreign policy stance, seems a bit aggressive but maybe necessary?"
7,2025-01-18,Twitter,"Just watched the debate and I'm more convinced than ever that we need change in this country!"
8,2025-01-18,YouTube,"The tax proposal will destroy small businesses like mine. Absolutely opposed to this plan."
9,2025-01-19,Blog,"I appreciate the candidate's focus on climate change. It's about time someone took this seriously."
10,2025-01-19,Reddit,"The immigration policy seems balanced and fair, addressing both security and humanitarian concerns."
11,2025-01-20,Twitter,"Terrible debate performance last night. The candidate couldn't answer basic questions about their own policy!"
12,2025-01-20,News Comment,"I'm voting for anyone who will fix our broken healthcare system. These proposals sound promising."
13,2025-01-21,Facebook,"The jobs plan sounds great in theory but lacks specific details on implementation."
14,2025-01-21,Twitter,"So excited about the new environmental protection policies! This is what leadership looks like."
15,2025-01-22,Forum,"The defense budget increase is unnecessary and takes money away from social programs we desperately need."
16,2025-01-22,Twitter,"Attended the rally today. The energy was amazing! This candidate really connects with people."
17,2025-01-23,Instagram,"Not impressed with either candidate's position on student loan debt. We need bolder solutions."
18,2025-01-23,Twitter,"The new commercial is full of lies and misinformation. Fact checkers are going to have a field day!"
19,2025-01-24,Blog,"I've been a lifelong supporter of the other party, but this candidate's integrity has won me over."
20,2025-01-24,YouTube,"The education reform proposal addresses the real issues teachers face in classrooms. As an educator, I approve!"
21,2025-01-25,Twitter,"Who cares about policy? I'm voting based on character, and this candidate has none."
22,2025-01-25,Reddit,"The cybersecurity plan is comprehensive and necessary given the recent attacks on our infrastructure."
23,2025-01-26,Facebook,"I don't usually get political, but I can't stay silent when our basic rights are at stake in this election."
24,2025-01-26,Twitter,"Just read the full policy document. It's well-researched and addresses all my concerns. I'm convinced!"
25,2025-01-27,News Comment,"The candidate's position on renewable energy will kill jobs in my community. We need a better transition plan."
26,2025-01-27,Forum,"After watching all the debates, I'm still undecided. Neither candidate seems to understand the real issues."
27,2025-01-28,Twitter,"The town hall meeting today showed how out of touch this candidate is with working-class Americans."
28,2025-01-28,Instagram,"Love the new ad campaign focusing on unity and progress rather than attacking opponents. That's what we need!"
29,2025-01-29,Blog,"The proposed minimum wage increase would be life-changing for families like mine. Finally someone who gets it!"
30,2025-01-29,Reddit,"This election is the most important in our lifetime. The contrast between candidates couldn't be clearer."
31,2025-01-30,Twitter,"The candidate's stance on privacy rights and data protection is exactly what we need in the digital age."
32,2025-01-30,Facebook,"I've researched both platforms thoroughly and can't understand why anyone would vote for the opposition."
33,2025-01-31,YouTube,"The housing policy doesn't address the real causes of homelessness in our cities. We need more comprehensive solutions."
34,2025-01-31,Twitter,"Just donated to the campaign! First time I've ever been inspired enough by a candidate to contribute financially."
35,2025-02-01,Forum,"The agricultural policy shows a complete lack of understanding of the challenges farmers face today."
36,2025-02-01,News Comment,"I'm voting based on the Supreme Court nominations that will happen in the next term. Too important to ignore."
37,2025-02-02,Twitter,"The candidate's personal story is so inspiring. We need someone who understands struggle to represent us."
38,2025-02-02,Reddit,"I don't agree with every position, but at least this candidate is honest about their intentions."
39,2025-02-03,Facebook,"The proposed childcare tax credit would make a huge difference for working parents like me."
40,2025-02-03,Twitter,"Can we please focus on policy instead of these personal attacks? The election coverage is so frustrating."
41,2025-02-04,Instagram,"I'm simply voting for whoever will protect our constitutional rights, period."
42,2025-02-04,Blog,"The pandemic response plan is thoughtful and based on science. Exactly what we need right now."
43,2025-02-05,Twitter,"After meeting the candidate at a local event, I can say they genuinely care about our community's issues."
44,2025-02-05,YouTube,"The entire platform is built on empty promises that could never be fulfilled. Pure political theater."
45,2025-02-06,Forum,"I'm voting for the party, not the person. The overall agenda aligns with my values."
46,2025-02-06,Twitter,"The proposed budget is financially responsible while still funding essential services. Smart governance!"
47,2025-02-07,News Comment,"I'm concerned about the candidate's ties to corporate interests. Will they really represent the people?"
48,2025-02-07,Facebook,"The mental health initiatives proposed would transform our broken system. Finally someone addressing this crisis!"
49,2025-02-08,Twitter,"Watched the interview last night and was appalled by the candidate's lack of basic knowledge on key issues."
50,2025-02-08,Reddit,"I've never been more excited to vote. This election represents a real opportunity for meaningful change."